Workbook

Sheet Danh sách
A1: STT | B1: Họ và tên | C1: Email | D1: SĐT | E1: Khoa | F1: Nguồn đăng ký | G1: Khóa học quan tâm | H1: Ngày đăng ký | I1: Điểm chuyên cần | J1: Trạng thái
A2: 1 | B2: Trần Thanh Quân | C2: tran.thanh.quan1@email.com | D2: 0981399869 | E2: Đa phương tiện | F2: Google Form | G2: An toàn thông tin | H2: 46313 | I2: 8.4 | J2: Đã xác nhận
A3: 2 | B3: Phạm Văn Trang | C3: pham.van.trang2@email.com | D3: 0911417075 | E3: Viễn thông | F3: Website | G3: Lập trình Web | H3: 46302 | I3: 8.7 | J3: Chờ xác nhận
A4: 3 | B4: Đỗ Thị Huy | C4: do.thi.huy3@email.com | D4: 0951884472 | E4: Kế toán | F4: Google Form | G4: Excel nâng cao | H4: 46316 | I4: 3.7 | J4: Đã xác nhận
A5: 4 | B5: Vũ Ngọc Nam | C5: vu.ngoc.nam4@email.com | D5: 0916987168 | E5: Đa phương tiện | F5: Zalo OA | G5: An toàn thông tin | H5: 46321 | I5: 6.1 | J5: Đã xác nhận
A6: 5 | B6: Đặng Gia Phúc | C6: dang.gia.phuc5@email.com | D6: 0988093208 | E6: CNTT | F6: Google Form | G6: Tiếng Anh giao tiếp | H6: 46317 | I6: 6.6 | J6: Đã xác nhận
A7: 6 | B7: Phạm Thị Tuấn | C7: pham.thi.tuan6@email.com | D7: 0977848648 | E7: Kế toán | F7: Facebook Ads | G7: An toàn thông tin | H7: 46321 | I7: 8.7 | J7: Đã xác nhận
A8: 7 | B8: Phạm Quốc Khánh | C8: pham.quoc.khanh7@email.com | D8: 0900297875 | E8: CNTT | F8: Google Form | G8: An toàn thông tin | H8: 46302 | I8: 6.8 | J8: Chờ xác nhận
A9: 8 | B9: Đặng Anh Vy | C9: dang.anh.vy8@email.com | D9: 0904571784 | E9: CNTT | F9: Zalo OA | G9: An toàn thông tin | H9: 46310 | I9: 9.6 | J9: Đã xác nhận
A10: 9 | B10: Bùi Thanh Dũng | C10: bui.thanh.dung9@email.com | D10: 0936270107 | E10: Quản trị kinh doanh | F10: Zalo OA | G10: Thiết kế UI/UX | H10: 46314 | I10: 7.5 | J10: Đã xác nhận
A11: 10 | B11: Trần Gia Bình | C11: tran.gia.binh10@email.com | D11: 0984520599 | E11: Đa phương tiện | F11: Facebook Ads | G11: Data Science | H11: 46320 | I11: 7 | J11: Đã xác nhận
A12: 11 | B12: Lê Gia Yến | C12: le.gia.yen11@email.com | D12: 0984162294 | E12: Viễn thông | F12: Facebook Ads | G12: Data Science | H12: 46312 | I12: 6.9 | J12: Đã xác nhận
A13: 12 | B13: Nguyễn Thị Mai | C13: nguyen.thi.mai12@email.com | D13: 0910550087 | E13: Kế toán | F13: Website | G13: Lập trình Web | H13: 46306 | I13: 9.4 | J13: Đã xác nhận
... A201: 200 | B201: Hoàng Gia Thảo | C201: hoang.gia.thao200@email.com | D201: 0920404918 | E201: CNTT | F201: Google Form | G201: Marketing Digital | H201: 46296 | I201: 5.7 | J201: Chờ xác nhận

Sheet Nguồn
A1: Thống kê theo nguồn đăng ký
A2: Tính bằng công thức COUNTIF từ sheet Danh sách
A4: Nguồn đăng ký | B4: Số lượng | C4: Tỷ lệ
A5: Website | B5: =COUNTIF('Danh sách'!$F$2:$F$201,A5) -> 68 | C5: =B5/$B$9 -> 0.34
A6: Facebook Ads | B6: =COUNTIF('Danh sách'!$F$2:$F$201,A6) -> 47 | C6: =B6/$B$9 -> 0.235
A7: Google Form | B7: =COUNTIF('Danh sách'!$F$2:$F$201,A7) -> 48 | C7: =B7/$B$9 -> 0.24
A8: Zalo OA | B8: =COUNTIF('Danh sách'!$F$2:$F$201,A8) -> 37 | C8: =B8/$B$9 -> 0.185
A9: Tổng cộng | B9: =SUM(B5:B8) -> 200 | C9: =SUM(C5:C8) -> 1

Sheet Khóa học
A1: Thống kê theo khóa học quan tâm
A2: COUNTIF theo cột Khóa học quan tâm
A4: Khóa học | B4: Số học viên
A5: Lập trình Python | B5: =COUNTIF('Danh sách'!$G$2:$G$201,A5) -> 16
A6: Thiết kế UI/UX | B6: =COUNTIF('Danh sách'!$G$2:$G$201,A6) -> 28
A7: Data Science | B7: =COUNTIF('Danh sách'!$G$2:$G$201,A7) -> 23
A8: Marketing Digital | B8: =COUNTIF('Danh sách'!$G$2:$G$201,A8) -> 22
A9: Excel nâng cao | B9: =COUNTIF('Danh sách'!$G$2:$G$201,A9) -> 25
A10: Lập trình Web | B10: =COUNTIF('Danh sách'!$G$2:$G$201,A10) -> 19
A11: Tiếng Anh giao tiếp | B11: =COUNTIF('Danh sách'!$G$2:$G$201,A11) -> 37
A12: An toàn thông tin | B12: =COUNTIF('Danh sách'!$G$2:$G$201,A12) -> 30
A13: Tổng cộng | B13: =SUM(B5:B12) -> 200

Sheet Thống kê
A1: Thống kê theo trạng thái và chuyên cần
A4: Trạng thái | B4: Số lượng | C4: Tỷ lệ
A5: Đã xác nhận | B5: =COUNTIF('Danh sách'!$J$2:$J$201,A5) -> 148 | C5: =B5/$B$7 -> 0.74
A6: Chờ xác nhận | B6: =COUNTIF('Danh sách'!$J$2:$J$201,A6) -> 52 | C6: =B6/$B$7 -> 0.26
A7: Tổng cộng | B7: =SUM(B5:B6) -> 200 | C7: =SUM(C5:C6) -> 1
A9: Chỉ số chuyên cần
A10: Điểm chuyên cần trung bình | B10: =AVERAGE('Danh sách'!I2:I201) -> 6.6785
A11: Số SV khoa CNTT | B11: =COUNTIF('Danh sách'!E2:E201,"CNTT") -> 91
A12: CNTT có điểm chuyên cần < 7 | B12: =COUNTIFS('Danh sách'!E2:E201,"CNTT",'Danh sách'!I2:I201,"<7") -> 53

Sheet KiemThu_TRIM
A1: Kiểm thử: lọc theo tên không ra kết quả → dùng hàm TRIM
A3: Họ và tên (gốc) | B3: Độ dài gốc (LEN) | C3: Họ và tên sau TRIM | D3: Độ dài sau TRIM | E3: Có thừa khoảng trắng?
A4: ='Danh sách'!B12 -> Lê Gia Yến | B4: =LEN(A4) -> 11 | C4: =TRIM(A4) -> Lê Gia Yến | D4: =LEN(C4) -> 10 | E4: =IF(B4<>D4,"Có","Không") -> Có
A5: ='Danh sách'!B37 -> Dương Đức Linh | B5: =LEN(A5) -> 15 | C5: =TRIM(A5) -> Dương Đức Linh | D5: =LEN(C5) -> 14 | E5: =IF(B5<>D5,"Có","Không") -> Có
A6: ='Danh sách'!B79 -> Lý Gia Nga | B6: =LEN(A6) -> 11 | C6: =TRIM(A6) -> Lý Gia Nga | D6: =LEN(C6) -> 10 | E6: =IF(B6<>D6,"Có","Không") -> Có
A7: ='Danh sách'!B122 -> Dương Minh Trang | B7: =LEN(A7) -> 19 | C7: =TRIM(A7) -> Dương Minh Trang | D7: =LEN(C7) -> 16 | E7: =IF(B7<>D7,"Có","Không") -> Có
A8: ='Danh sách'!B162 -> Đỗ Gia Quân | B8: =LEN(A8) -> 12 | C8: =TRIM(A8) -> Đỗ Gia Quân | D8: =LEN(C8) -> 11 | E8: =IF(B8<>D8,"Có","Không") -> Có
A10: Giải thích:
A11: - Gõ tên vào ô Search của AutoFilter mà không ra dù nhìn thấy tên đó, thường do ô thừa dấu cách ở đầu/cuối hoặc 2 dấu cách liền nhau.
A12: - LEN gốc lớn hơn LEN sau TRIM → ô đó thừa khoảng trắng.
A13: - Cách xử lý: tạo cột phụ =TRIM(ô tên), copy → Paste Special → Values đè lại cột Họ và tên, rồi xóa cột phụ.
A14: - Nếu vẫn lỗi (dấu cách CHAR(160) khi copy từ web): =TRIM(SUBSTITUTE(A4,CHAR(160)," "))

Sheet HuongDan
A1: DANH SÁCH HỌC VIÊN ĐĂNG KÝ – PTIT-Learning (tổng hợp từ nhiều nguồn)
A2: Cập nhật: 27/10/2026. Dữ liệu mẫu do sinh viên tự tạo để làm bài.
A4: Cách lọc bằng AutoFilter (Ctrl + Shift + L)
A5: 1. Mở sheet Danh sách, bấm vào 1 ô bất kỳ trong bảng.
A6: 2. Nhấn Ctrl + Shift + L để bật/tắt AutoFilter.
A7: 3. Cột Khoa: bỏ chọn Select All, tick CNTT → OK.
A8: 4. Cột Điểm chuyên cần: Number Filters → Less Than... → nhập 7 → OK.
A9: 5. Kết quả: sinh viên khoa CNTT có điểm chuyên cần dưới 7 (hai cột khác nhau nên hiểu là AND). Xem lại toàn bộ: Data → Clear.
A11: Ràng buộc đã tuân thủ
A12: - Hàng 1 của sheet Danh sách là Header Row duy nhất (tiêu đề bảng đặt ở sheet này, không chèn dòng tiêu đề phía trên).
A13: - 200 dòng liên tục, không có hàng tổng cộng, dòng trống hay ô gộp trong dữ liệu. Các bảng tổng cộng nằm ở sheet riêng.
